condition,nbin,feature,I_raw,I_null,I_corrected,n_used
pooled,2,F0,0.817018718507116,0.07647406715295618,0.7405446513541598,6300
pooled,2,jitter,0.3164615812142131,0.07637280469246559,0.24008877652174748,6300
pooled,2,shimmer,0.3462974317768204,0.07619531072243212,0.27010212105438824,6300
pooled,2,GCT,0.6283111058127613,0.07626010582043055,0.5520509999923308,6300
pooled,2,CQ,0.4821214967235399,0.07636145598133845,0.4057600407422014,6300
pooled,2,MFDR,0.6390153219229902,0.07612766288405486,0.5628876590389353,6300
pooled,2,SQ,0.2758489111612743,0.07669571406872994,0.19915319709254437,6300
pooled,2,NAQ,0.3217871687277096,0.076298375999148,0.2454887927285616,6300
pooled,2,SHR,0.7922214405636652,0.07664386328020249,0.7155775772834627,6300
pooled,2,IHI,0.7129994385884224,0.07599879872210707,0.6370006398663153,6300
pooled,2,VFI,0.5003763715237604,0.15928753072033197,0.3410888408034284,6300
pooled,2,semitone_SD_F0,0.3975945141862596,0.07645698996825868,0.3211375242180009,6300
pooled,2,F1,0.3761167452942953,0.07650267844478974,0.29961406684950553,6300
pooled,2,F2,0.33151892355937207,0.07586873209365129,0.25565019146572077,6300
pooled,2,F3,0.6029267473315407,0.07667081032279274,0.526255937008748,6300
pooled,2,F4,0.7199452118765102,0.07611121235377279,0.6438339995227373,6300
pooled,2,F5,0.6144058257625851,0.07627176412518102,0.5381340616374041,6300
pooled,2,B1,0.40494467217345864,0.07632864305447508,0.3286160291189836,6300
pooled,2,B2,0.6034427770185076,0.07596011939146713,0.5274826576270404,6300
pooled,2,B3,0.3628780543421719,0.0761338785098385,0.2867441758323334,6300
pooled,2,B4,0.3712204279837792,0.07650684152930126,0.2947135864544779,6300
pooled,2,B5,0.35113333688828874,0.07667557104737562,0.27445776584091314,6300
pooled,2,Nasality,0.3165550620339772,0.0803478884671727,0.2362071735668045,6195
pooled,2,spectral_skewness,0.3292303492941251,0.07671567390255807,0.252514675391567,6288
pooled,2,spectral_kurtosis,0.3051924136179984,0.0762962636814816,0.22889614993651683,6300
pooled,2,spectral_entropy,0.3325125234468267,0.07670790378531392,0.2558046196615128,6300
pooled,2,spectral_rolloff,0.22385028979967458,0.07689715796659394,0.14695313183308065,6300
pooled,2,spectral_flux,0.5975229335559185,0.07604907158259515,0.5214738619733233,6300
pooled,2,alpha_ratio,0.26303038794576494,0.07635311964424789,0.18667726830151704,6300
pooled,2,LHR,0.36104261900918644,0.07614248612123917,0.28490013288794724,6300
pooled,2,SPI,0.4390825403453462,0.07644067245862325,0.362641867886723,6300
pooled,2,GNE,0.3717816002104044,0.07638206455356741,0.29539953565683696,6300
pooled,2,SSPF,0.5095989364183264,0.0850753777905367,0.42452355862778973,5935
pooled,2,CPP,0.4347749158170018,0.07609272436851362,0.3586821914484882,6300
pooled,2,dCPP,0.21412870520209637,0.07630368099088759,0.1378250242112088,6300
pooled,2,RMS,0.6262166465943029,0.07607366722670139,0.5501429793676015,6300
pooled,2,AMD,0.1878441185917783,0.0766825085750818,0.1111616100166965,6300
pooled,2,speech_rate,0.25675517448991414,0.07625012068040053,0.1805050538095136,6300
pooled,2,VOT,0.12209592686295778,0.0824300411355086,0.03966588572744918,6062
pooled,2,BGD,0.09720308324009785,0.07661317288389208,0.020589910356205776,6300
pooled,3,F0,1.3426525567171028,0.1589256498223586,1.1837269068947442,6300
pooled,3,jitter,0.4787940764380263,0.15872837633652295,0.32006570010150337,6300
pooled,3,shimmer,0.4843189786348461,0.15805507621838671,0.32626390241645936,6300
pooled,3,GCT,0.9108624463034829,0.15805792992460466,0.7528045163788782,6300
pooled,3,CQ,0.7063455765838942,0.15826394309502193,0.5480816334888723,6300
pooled,3,MFDR,0.9505375426345708,0.15884150291636487,0.7916960397182059,6300
pooled,3,SQ,0.4277279298621046,0.15928728876039003,0.2684406411017146,6300
pooled,3,NAQ,0.4857442912877339,0.158206942330838,0.3275373489568959,6300
pooled,3,SHR,1.2775447749452091,0.15865102006387669,1.1188937548813325,6300
pooled,3,IHI,1.1032901937927448,0.15833665470814492,0.9449535390845999,6300
pooled,3,VFI,0.6639377886241906,0.24308624168430207,0.4208515469398886,6300
pooled,3,semitone_SD_F0,0.6030534877465268,0.15838103564578407,0.4446724521007427,6300
pooled,3,F1,0.5366439778087297,0.15869730926909895,0.37794666853963077,6300
pooled,3,F2,0.4912984470918147,0.15710472699141587,0.33419372010039883,6300
pooled,3,F3,0.8735197331694096,0.15913797927404003,0.7143817538953695,6300
pooled,3,F4,1.0776038591371915,0.1586658552395436,0.9189380038976479,6300
pooled,3,F5,0.9317115149869846,0.15856417948973353,0.773147335497251,6300
pooled,3,B1,0.6021915146051224,0.15837924043300294,0.4438122741721195,6300
pooled,3,B2,0.8145383634166965,0.15814289015796157,0.6563954732587349,6300
pooled,3,B3,0.5339264315234438,0.15841601854825155,0.3755104129751922,6300
pooled,3,B4,0.5385386570482815,0.15864267297760193,0.3798959840706796,6300
pooled,3,B5,0.523534366191889,0.15880331283639737,0.3647310533554916,6300
pooled,3,Nasality,0.4633543530699562,0.1635609997090951,0.2997933533608611,6195
pooled,3,spectral_skewness,0.49688171911512313,0.1593295735570808,0.33755214555804236,6288
pooled,3,spectral_kurtosis,0.4711067941102769,0.15855444355131484,0.312552350558962,6300
pooled,3,spectral_entropy,0.502828946020383,0.1585523724031295,0.3442765736172535,6300
pooled,3,spectral_rolloff,0.34688493813389343,0.1584166650653125,0.18846827306858094,6300
pooled,3,spectral_flux,0.8405566646287372,0.1582377001633682,0.6823189644653691,6300
pooled,3,alpha_ratio,0.40866241621791843,0.15863717159792076,0.25002524461999764,6300
pooled,3,LHR,0.5152521017184526,0.15846395951172657,0.35678814220672606,6300
pooled,3,SPI,0.6199002519728118,0.1589517777510661,0.4609484742217458,6300
pooled,3,GNE,0.5564730515393759,0.15834462098619603,0.3981284305531798,6300
pooled,3,SSPF,0.7077398813509639,0.17313002174876824,0.5346098596021956,5935
pooled,3,CPP,0.6123786053562252,0.15802028999330042,0.4543583153629248,6300
pooled,3,dCPP,0.3359591457592437,0.15795056785210118,0.1780085779071425,6300
pooled,3,RMS,0.9232376091352723,0.15872276631869425,0.764514842816578,6300
pooled,3,AMD,0.28755341139809154,0.1583654936077342,0.12918791779035735,6300
pooled,3,speech_rate,0.40245119190142375,0.15905002024227477,0.24340117165914898,6300
pooled,3,VOT,0.21746066749596515,0.16839128428769753,0.04906938320826762,6062
pooled,3,BGD,0.2030307434394949,0.15941025033318992,0.043620493106304975,6300
pooled,5,F0,1.7366445140359676,0.33734282190251635,1.3993016921334513,6300
pooled,5,jitter,0.6812285897292902,0.337161965498244,0.3440666242310462,6300
pooled,5,shimmer,0.6946648157086948,0.3376740602245117,0.3569907554841831,6300
pooled,5,GCT,1.1701559374788904,0.33646233259357494,0.8336936048853154,6300
pooled,5,CQ,0.9353355483156225,0.33752094512229036,0.5978146031933321,6300
pooled,5,MFDR,1.255255687418856,0.337072521037415,0.918183166381441,6300
pooled,5,SQ,0.6179481814932704,0.3384802692841047,0.27946791220916567,6300
pooled,5,NAQ,0.6943674557445974,0.337318861311378,0.35704859443321935,6300
pooled,5,SHR,1.6066247592839096,0.3371075855259679,1.2695171737579416,6300
pooled,5,IHI,1.4346011042066271,0.33641672184865046,1.0981843823579767,6300
pooled,5,VFI,0.8718399598055413,0.42345430695636777,0.44838565284917353,6300
pooled,5,semitone_SD_F0,0.8303149390683693,0.33730626039146655,0.49300867867690273,6300
pooled,5,F1,0.7204218864044147,0.3363252338195519,0.3840966525848628,6300
pooled,5,F2,0.7084970306944101,0.3357031335393364,0.37279389715507366,6300
pooled,5,F3,1.139237480100613,0.33726813990038,0.801969340200233,6300
pooled,5,F4,1.3998254350251713,0.33779927564159445,1.062026159383577,6300
pooled,5,F5,1.2323396764933943,0.3378758180443235,0.8944638584490707,6300
pooled,5,B1,0.8325673917875456,0.3362842512050986,0.496283140582447,6300
pooled,5,B2,1.0531253976686088,0.33689819348845856,0.7162272041801503,6300
pooled,5,B3,0.7457776146195627,0.3374713514665549,0.40830626315300783,6300
pooled,5,B4,0.762168505571676,0.3376058066137109,0.4245626989579651,6300
pooled,5,B5,0.7475903104724857,0.3373438308992692,0.41024647957321647,6300
pooled,5,Nasality,0.6629377191560266,0.34743324973167544,0.3155044694243512,6195
pooled,5,spectral_skewness,0.6880603618068548,0.33970772576090114,0.3483526360459537,6288
pooled,5,spectral_kurtosis,0.6706942701034997,0.33683419247703644,0.33386007762646325,6300
pooled,5,spectral_entropy,0.7012566478949402,0.3374026115756707,0.36385403631926955,6300
pooled,5,spectral_rolloff,0.5414025122528976,0.338194835496743,0.2032076767561546,6300
pooled,5,spectral_flux,1.1275062096569641,0.33710764448958047,0.7903985651673837,6300
pooled,5,alpha_ratio,0.6232354376687894,0.3362421210142837,0.2869933166545057,6300
pooled,5,LHR,0.7368191653241745,0.33789882651586167,0.3989203388083128,6300
pooled,5,SPI,0.8621323486043764,0.3374638179438479,0.5246685306605285,6300
pooled,5,GNE,0.7713109933447413,0.3368291335319231,0.43448185981281817,6300
pooled,5,SSPF,0.9468585567746395,0.36536246402832745,0.581496092746312,5935
pooled,5,CPP,0.8364659222232103,0.3376520110390993,0.49881391118411095,6300
pooled,5,dCPP,0.5140795806313729,0.33699880225529355,0.17708077837607938,6300
pooled,5,RMS,1.21771264829348,0.3368840892498033,0.8808285590436766,6300
pooled,5,AMD,0.47106796003504314,0.337733094377201,0.13333486565784214,6300
pooled,5,speech_rate,0.5899167299502928,0.33835845291394406,0.2515582770363487,6300
pooled,5,VOT,0.4138706020608556,0.3560780518395832,0.05779255022127239,6062
pooled,5,BGD,0.37717448640382933,0.3375363697738834,0.03963811662994593,6300
pooled,10,F0,2.2629817808250596,0.7692250383810001,1.4937567424440594,6300
pooled,10,jitter,1.0674036901514743,0.769385982728555,0.29801770742291933,6300
pooled,10,shimmer,1.0701428393629655,0.7682516469154916,0.30189119244747387,6300
pooled,10,GCT,1.5096164015535383,0.7686681770054995,0.7409482245480388,6300
pooled,10,CQ,1.2861138306803106,0.7679723207097199,0.5181415099705907,6300
pooled,10,MFDR,1.6018292338330902,0.7687216986739542,0.8331075351591359,6300
pooled,10,SQ,1.0198387554621284,0.7697714919932364,0.2500672634688921,6300
pooled,10,NAQ,1.0610296481182306,0.7679781402444251,0.2930515078738055,6300
pooled,10,SHR,2.0091652007911014,0.7687063594655968,1.2404588413255047,6300
pooled,10,IHI,1.8078397422814252,0.7673997369584772,1.0404400053229481,6300
pooled,10,VFI,1.2378406507990753,0.8457237883870014,0.392116862412074,6300
pooled,10,semitone_SD_F0,1.2126959037846685,0.7693552920464778,0.4433406117381907,6300
pooled,10,F1,1.089834952713419,0.7677375909418361,0.3220973617715829,6300
pooled,10,F2,1.0742816535151345,0.7668550340633375,0.30742661945179695,6300
pooled,10,F3,1.495949455504694,0.768242717067526,0.7277067384371679,6300
pooled,10,F4,1.7411669830347227,0.7689872999420767,0.972179683092646,6300
pooled,10,F5,1.5923315386335464,0.768911243120655,0.8234202955128914,6300
pooled,10,B1,1.2162311980840208,0.7675576281385729,0.44867356994544794,6300
pooled,10,B2,1.3801661707171133,0.7680197725977067,0.6121463981194066,6300
pooled,10,B3,1.1224664758706524,0.7680993191680239,0.3543671567026285,6300
pooled,10,B4,1.1374087332555334,0.7685297878600157,0.3688789453955177,6300
pooled,10,B5,1.145114482348589,0.7686614861390076,0.3764529962095814,6300
pooled,10,Nasality,1.0454699277833281,0.7840254297374663,0.2614444980458619,6195
pooled,10,spectral_skewness,1.069305332390174,0.7709376963470816,0.29836763604309235,6288
pooled,10,spectral_kurtosis,1.057849048403078,0.7680552335156046,0.28979381488747347,6300
pooled,10,spectral_entropy,1.0836761676480702,0.7695392279760995,0.31413693967197065,6300
pooled,10,spectral_rolloff,0.9567104984695032,0.7680518107545845,0.18865868771491867,6300
pooled,10,spectral_flux,1.4748855967674288,0.7682108051487855,0.7066747916186433,6300
pooled,10,alpha_ratio,1.0044666557055244,0.7666953187326265,0.23777133697289787,6300
pooled,10,LHR,1.105846942644451,0.7683186584731899,0.33752828417126113,6300
pooled,10,SPI,1.2423951784271026,0.7691671738655134,0.4732280045615892,6300
pooled,10,GNE,1.1497056395901133,0.768486226838022,0.38121941275209126,6300
pooled,10,SSPF,1.3158856447155483,0.8158092750174343,0.500076369698114,5935
pooled,10,CPP,1.2137132340480719,0.7678819462792592,0.44583128776881265,6300
pooled,10,dCPP,0.9175182221304148,0.768745892349893,0.1487723297805218,6300
pooled,10,RMS,1.5785404904788933,0.7682472088364559,0.8102932816424374,6300
pooled,10,AMD,0.8795301605354773,0.7679580680637826,0.11157209247169464,6300
pooled,10,speech_rate,0.9745046252412699,0.769156305630219,0.20534831961105093,6300
pooled,10,VOT,0.84132474165345,0.7995463705006078,0.04177837115284211,6062
pooled,10,BGD,0.8000561501559904,0.7682287411521906,0.03182740900379977,6300
within_F,2,F0,0.645679740583633,0.07624428425800657,0.5694354563256264,1920
within_F,2,jitter,0.2684680756565694,0.07674022570772569,0.19172784994884368,1920
within_F,2,shimmer,0.21146527162187656,0.07616335795428078,0.13530191366759578,1920
within_F,2,GCT,0.33887672798113755,0.07601393757239976,0.2628627904087378,1920
within_F,2,CQ,0.2726519966096035,0.07619133026442869,0.19646066634517478,1920
within_F,2,MFDR,0.5855085553599242,0.07543656860008756,0.5100719867598367,1920
within_F,2,SQ,0.3528541246620618,0.07652101100544542,0.2763331136566164,1920
within_F,2,NAQ,0.27309969421503943,0.07645076061251434,0.1966489336025251,1920
within_F,2,SHR,0.4256722447057779,0.07570235757239818,0.34996988713337973,1920
within_F,2,IHI,0.5274080712865974,0.07702167446908295,0.45038639681751447,1920
within_F,2,VFI,0.4276500556326841,0.16055310091559588,0.2670969547170882,1920
within_F,2,semitone_SD_F0,0.316645412107766,0.07745960813993795,0.23918580396782801,1920
within_F,2,F1,0.1671188753874535,0.07553455557732285,0.09158431981013067,1920
within_F,2,F2,0.189286680932355,0.07610645388974108,0.11318022704261393,1920
within_F,2,F3,0.34833179092217037,0.07600754867681139,0.272324242245359,1920
within_F,2,F4,0.5119080311563842,0.07625669701438864,0.4356513341419955,1920
within_F,2,F5,0.45398281558526943,0.07541750270460126,0.3785653128806682,1920
within_F,2,B1,0.3452832548652207,0.07588345485235161,0.2693998000128691,1920
within_F,2,B2,0.2849603924067097,0.07669173876588176,0.20826865364082792,1920
within_F,2,B3,0.3763558687721211,0.07816160725697564,0.2981942615151455,1920
within_F,2,B4,0.33368384486788205,0.0762025883117187,0.2574812565561634,1920
within_F,2,B5,0.30667712025465743,0.07523261085729854,0.2314445093973589,1920
within_F,2,Nasality,0.26940414061704576,0.0791960276158712,0.19020811300117457,1905
within_F,2,spectral_skewness,0.3437098537022596,0.07791831281617535,0.26579154088608425,1913
within_F,2,spectral_kurtosis,0.3505987309605638,0.07627837982344385,0.27432035113711994,1920
within_F,2,spectral_entropy,0.2988379303003281,0.07573112993058778,0.22310680036974034,1920
within_F,2,spectral_rolloff,0.16555013600420665,0.07532062526002441,0.09022951074418224,1920
within_F,2,spectral_flux,0.585051886082578,0.07595190115193465,0.5090999849306433,1920
within_F,2,alpha_ratio,0.18194882050366523,0.07611233070575996,0.10583648979790528,1920
within_F,2,LHR,0.37324729637620546,0.07535994443580245,0.297887351940403,1920
within_F,2,SPI,0.2911993619422315,0.07670857104563146,0.21449079089660006,1920
within_F,2,GNE,0.34846123798527984,0.07536091772043202,0.2731003202648478,1920
within_F,2,SSPF,0.24755391350450218,0.0849673917911678,0.16258652171333438,1810
within_F,2,CPP,0.3608308782611509,0.07623881353403608,0.28459206472711485,1920
within_F,2,dCPP,0.19544721642573037,0.07703355966381963,0.11841365676191075,1920
within_F,2,RMS,0.613510983633585,0.07575694777194288,0.5377540358616422,1920
within_F,2,AMD,0.20745941595243167,0.07709568373326299,0.1303637322191687,1920
within_F,2,speech_rate,0.2446305403736302,0.076552221623175,0.1680783187504552,1920
within_F,2,VOT,0.11409546307857177,0.08054044758658212,0.03355501549198965,1858
within_F,2,BGD,0.10584857443944529,0.07604736828059354,0.029801206158851748,1920
within_F,3,F0,0.9354293770962032,0.15794442614941942,0.7774849509467838,1920
within_F,3,jitter,0.43010766876373463,0.15755161646720184,0.2725560522965328,1920
within_F,3,shimmer,0.34723731882807307,0.15757599778564862,0.18966132104242445,1920
within_F,3,GCT,0.4927593410650548,0.15926397636950432,0.3334953646955505,1920
within_F,3,CQ,0.41542519387214494,0.15759202740064576,0.2578331664714992,1920
within_F,3,MFDR,0.8787564756880464,0.15741441852189061,0.7213420571661557,1920
within_F,3,SQ,0.5115090537296858,0.15571773647279297,0.35579131725689284,1920
within_F,3,NAQ,0.4313635306559842,0.158642728099912,0.27272080255607223,1920
within_F,3,SHR,0.6360682036668255,0.1562760592092942,0.47979214445753127,1920
within_F,3,IHI,0.7534272353159519,0.1582970996379117,0.5951301356780402,1920
within_F,3,VFI,0.5805747101402972,0.24502598453922697,0.3355487256010702,1920
within_F,3,semitone_SD_F0,0.49309980992974545,0.1584376223492951,0.33466218758045035,1920
within_F,3,F1,0.2629073642398012,0.15808590064171876,0.10482146359808245,1920
within_F,3,F2,0.29529871773630223,0.1575314138524193,0.13776730388388292,1920
within_F,3,F3,0.536952774703332,0.15739764677170562,0.3795551279316264,1920
within_F,3,F4,0.7220239966199831,0.1601372348482053,0.5618867617717778,1920
within_F,3,F5,0.6833899261070009,0.15801939377858445,0.5253705323284165,1920
within_F,3,B1,0.5439148554779951,0.15805252605735023,0.3858623294206449,1920
within_F,3,B2,0.4307855005068344,0.1585767199973721,0.2722087805094623,1920
within_F,3,B3,0.5809629270104804,0.15923932037997354,0.4217236066305068,1920
within_F,3,B4,0.48009541482837115,0.15814538635171987,0.3219500284766513,1920
within_F,3,B5,0.4636437978637673,0.15802741626477781,0.3056163815989895,1920
within_F,3,Nasality,0.3880635921086002,0.16196096780170122,0.22610262430689898,1905
within_F,3,spectral_skewness,0.471874322181292,0.15869572245858465,0.31317859972270734,1913
within_F,3,spectral_kurtosis,0.5214497439647374,0.1582511899083999,0.3631985540563375,1920
within_F,3,spectral_entropy,0.47667210429559503,0.15574968417644602,0.320922420119149,1920
within_F,3,spectral_rolloff,0.30230760574930926,0.15727727614386267,0.1450303296054466,1920
within_F,3,spectral_flux,0.8335443876600728,0.15812241342326183,0.6754219742368109,1920
within_F,3,alpha_ratio,0.3261584855107671,0.15850158267238107,0.16765690283838602,1920
within_F,3,LHR,0.5212272089313403,0.15715376465688113,0.3640734442744592,1920
within_F,3,SPI,0.442918095984445,0.15684976792508362,0.28606832805936133,1920
within_F,3,GNE,0.523957437252605,0.15826854973422208,0.3656888875183829,1920
within_F,3,SSPF,0.42366623456950325,0.17138810878792413,0.25227812578157915,1810
within_F,3,CPP,0.5396747491955214,0.15582864881258515,0.3838461003829362,1920
within_F,3,dCPP,0.312855206810843,0.15752577986160202,0.15532942694924098,1920
within_F,3,RMS,0.9452319408650851,0.15856332683305424,0.7866686140320309,1920
within_F,3,AMD,0.30565951420309645,0.15785364055823667,0.14780587364485978,1920
within_F,3,speech_rate,0.3766950980315489,0.15791079139887088,0.218784306632678,1920
within_F,3,VOT,0.21537595098291895,0.16417868074163894,0.05119727024128001,1858
within_F,3,BGD,0.20692045489545663,0.1572027285689896,0.04971772632646704,1920
within_F,5,F0,1.3096114081661385,0.3375487487343925,0.9720626594317461,1920
within_F,5,jitter,0.6256824189123096,0.3356884320591337,0.2899939868531759,1920
within_F,5,shimmer,0.5549131236291913,0.3361170908329422,0.2187960327962491,1920
within_F,5,GCT,0.7082760229039327,0.338092206853113,0.3701838160508197,1920
within_F,5,CQ,0.595764572790138,0.3366715814215946,0.25909299136854336,1920
within_F,5,MFDR,1.1406510757994113,0.3367788085463668,0.8038722672530445,1920
within_F,5,SQ,0.7192993146666771,0.33494703039798907,0.384352284268688,1920
within_F,5,NAQ,0.6269084623867442,0.3365353072671941,0.29037315511955014,1920
within_F,5,SHR,0.8611699701805833,0.33697211505042446,0.5241978551301588,1920
within_F,5,IHI,1.0142385834945102,0.33684408747762346,0.6773944960168867,1920
within_F,5,VFI,0.7732206058692652,0.42549605781656125,0.347724548052704,1920
within_F,5,semitone_SD_F0,0.7208436599521297,0.33678924769124946,0.3840544122608803,1920
within_F,5,F1,0.4687073494234042,0.3372301590492997,0.1314771903741045,1920
within_F,5,F2,0.49703414655034717,0.3369955102727515,0.16003863627759568,1920
within_F,5,F3,0.7521707786199929,0.3360257633123412,0.41614501530765174,1920
within_F,5,F4,0.9844489229260018,0.3371211899304312,0.6473277329955707,1920
within_F,5,F5,0.9240491997358369,0.3370275107170768,0.5870216890187601,1920
within_F,5,B1,0.7529434138247826,0.33756748150258076,0.4153759323222018,1920
within_F,5,B2,0.6209156704207199,0.3377444491173225,0.28317122130339745,1920
within_F,5,B3,0.814886999533063,0.33885004380763234,0.47603695572543064,1920
within_F,5,B4,0.7037669711383199,0.3354946050353679,0.368272366102952,1920
within_F,5,B5,0.6975763543574391,0.3343672055878826,0.36320914876955657,1920
within_F,5,Nasality,0.5952588951627726,0.34203581637865954,0.2532230787841131,1905
within_F,5,spectral_skewness,0.6753458302136286,0.3383256187379621,0.3370202114756665,1913
within_F,5,spectral_kurtosis,0.7146716624956309,0.33742008046001554,0.3772515820356153,1920
within_F,5,spectral_entropy,0.6602610985546482,0.3361195244993114,0.32414157405533683,1920
within_F,5,spectral_rolloff,0.48352195870624826,0.33539148426641874,0.14813047443982952,1920
within_F,5,spectral_flux,1.1048418132294398,0.3368814797074124,0.7679603335220273,1920
within_F,5,alpha_ratio,0.5118785160664672,0.3375564534095312,0.17432206265693595,1920
within_F,5,LHR,0.741696812606234,0.3352250191733904,0.40647179343284356,1920
within_F,5,SPI,0.6258528547012885,0.3361274441490943,0.2897254105521942,1920
within_F,5,GNE,0.7391795795141611,0.33505651089613925,0.4041230686180219,1920
within_F,5,SSPF,0.6172140580778249,0.3622624535084157,0.25495160456940924,1810
within_F,5,CPP,0.749060403762754,0.33366168477935787,0.4153987189833961,1920
within_F,5,dCPP,0.4994343002876045,0.3349092208029727,0.1645250794846318,1920
within_F,5,RMS,1.216985026213898,0.33743725148791026,0.8795477747259877,1920
within_F,5,AMD,0.5213364954864774,0.3362574029906532,0.18507909249582422,1920
within_F,5,speech_rate,0.5964962143355796,0.3363084078907221,0.26018780644485756,1920
within_F,5,VOT,0.41698155767704215,0.3515524983434052,0.06542905933363696,1858
within_F,5,BGD,0.37363022369077736,0.3367320260544125,0.03689819763636487,1920
within_F,10,F0,1.6815493846827403,0.766724505393491,0.9148248792892493,1920
within_F,10,jitter,1.016369017550387,0.7662311554359547,0.25013786211443234,1920
within_F,10,shimmer,0.9476460113926262,0.7673419798596858,0.1803040315329404,1920
within_F,10,GCT,1.0574901588226808,0.7678511913480954,0.2896389674745854,1920
within_F,10,CQ,0.9659376609565165,0.7659401827679482,0.19999747818856828,1920
within_F,10,MFDR,1.4955651174714326,0.7674970999518286,0.728068017519604,1920
within_F,10,SQ,1.0936644563126077,0.7658666716420997,0.327797784670508,1920
within_F,10,NAQ,1.0228525493294,0.7670273463212487,0.25582520300815137,1920
within_F,10,SHR,1.2499620961578994,0.7673988462098924,0.48256324994800703,1920
within_F,10,IHI,1.3608866987393835,0.7664584101420158,0.5944282885973677,1920
within_F,10,VFI,1.1305748202131252,0.8441022297404872,0.28647259047263796,1920
within_F,10,semitone_SD_F0,1.1068157247209323,0.7684791705134469,0.3383365542074853,1920
within_F,10,F1,0.8921685312195189,0.7665647778484543,0.12560375337106455,1920
within_F,10,F2,0.8855239314982581,0.7679941938697604,0.11752973762849772,1920
within_F,10,F3,1.1332906364215267,0.7676879103763277,0.36560272604519906,1920
within_F,10,F4,1.3398257744332565,0.7680445899599286,0.5717811844733278,1920
within_F,10,F5,1.3122510406374577,0.7674329108291125,0.5448181298083452,1920
within_F,10,B1,1.145106491549285,0.7681855633959356,0.37692092815334943,1920
within_F,10,B2,1.0176373913142065,0.7690589073640572,0.24857848395014925,1920
within_F,10,B3,1.1810279544256268,0.7677411795321403,0.41328677489348653,1920
within_F,10,B4,1.061064997493502,0.7645232483251347,0.2965417491683673,1920
within_F,10,B5,1.0921742941436028,0.7651316290560835,0.32704266508751934,1920
within_F,10,Nasality,0.9723141160570048,0.7747092437084242,0.1976048723485806,1905
within_F,10,spectral_skewness,1.0362056505512864,0.7697372219633684,0.2664684285879181,1913
within_F,10,spectral_kurtosis,1.078301325102343,0.7683107625167949,0.30999056258554814,1920
within_F,10,spectral_entropy,1.053042687921149,0.7672290293637996,0.2858136585573494,1920
within_F,10,spectral_rolloff,0.8707776477072819,0.7640909267820077,0.1066867209252742,1920
within_F,10,spectral_flux,1.4412755748070065,0.7679395662008426,0.6733360086061639,1920
within_F,10,alpha_ratio,0.8906951346448775,0.7663589199126939,0.12433621473218359,1920
within_F,10,LHR,1.0975849116909169,0.7657719602794234,0.3318129514114935,1920
within_F,10,SPI,0.9911587946368918,0.766620962241448,0.22453783239544378,1920
within_F,10,GNE,1.0915996050562269,0.7646085289178604,0.32699107613836653,1920
within_F,10,SSPF,1.0300164706153163,0.8133923687224269,0.2166241018928894,1810
within_F,10,CPP,1.1077654756195034,0.7642187906334658,0.3435466849860377,1920
within_F,10,dCPP,0.9054850918937234,0.765469566168416,0.1400155257253074,1920
within_F,10,RMS,1.5851057472012746,0.7668739818840219,0.8182317653172527,1920
within_F,10,AMD,0.8989448060391974,0.7655894286100415,0.13335537742915582,1920
within_F,10,speech_rate,0.9894151894647027,0.7656700228982846,0.22374516656641819,1920
within_F,10,VOT,0.8467973305831116,0.7931848445707694,0.05361248601234214,1858
within_F,10,BGD,0.8095360805585976,0.7671599075967152,0.04237617296188245,1920
within_M,2,F0,0.7232080312835141,0.07580330135738518,0.6474047299261289,4380
within_M,2,jitter,0.29012355482466035,0.07648819624486547,0.21363535857979488,4380
within_M,2,shimmer,0.22624036526099012,0.07671497716987645,0.14952538809111365,4380
within_M,2,GCT,0.47259777944470294,0.07586423047048946,0.3967335489742135,4380
within_M,2,CQ,0.5172118837762678,0.07553073897439092,0.4416811448018769,4380
within_M,2,MFDR,0.65397823593079,0.07616161406234828,0.5778166218684417,4380
within_M,2,SQ,0.19210894669515355,0.07650302267806407,0.11560592401708948,4380
within_M,2,NAQ,0.24715948933434717,0.07651574061787014,0.17064374871647703,4380
within_M,2,SHR,0.6984192808323471,0.07579494655281417,0.6226243342795329,4380
within_M,2,IHI,0.5485394491928197,0.07624370844794,0.47229574074487973,4380
within_M,2,VFI,0.48706866064005183,0.15536034266657234,0.3317083179734795,4380
within_M,2,semitone_SD_F0,0.4208269085589471,0.07639366153137427,0.34443324702757283,4380
within_M,2,F1,0.19432157514495785,0.07624274757965109,0.11807882756530676,4380
within_M,2,F2,0.15755600320848906,0.0754733843325806,0.08208261887590845,4380
within_M,2,F3,0.3852220688565051,0.07606710847738914,0.309154960379116,4380
within_M,2,F4,0.5784831606460141,0.07572460866793866,0.5027585519780755,4380
within_M,2,F5,0.44948546191976924,0.07620494287038976,0.3732805190493795,4380
within_M,2,B1,0.41021157710579637,0.07640552008858417,0.3338060570172122,4380
within_M,2,B2,0.42244985692438597,0.07584124578901327,0.34660861113537267,4380
within_M,2,B3,0.2999719365077489,0.07673082317393777,0.22324111333381114,4380
within_M,2,B4,0.37993428444519495,0.07564193916395787,0.30429234528123705,4380
within_M,2,B5,0.3555486310203566,0.07624921030367156,0.27929942071668507,4380
within_M,2,Nasality,0.23516474448881652,0.08058558206613528,0.15457916242268124,4290
within_M,2,spectral_skewness,0.3159633811013176,0.07657561208385431,0.23938776901746328,4375
within_M,2,spectral_kurtosis,0.28480454797862365,0.07662282179670597,0.20818172618191766,4380
within_M,2,spectral_entropy,0.266402377593689,0.07644222055289797,0.18996015704079106,4380
within_M,2,spectral_rolloff,0.19507004081519597,0.07596941482829929,0.11910062598689668,4380
within_M,2,spectral_flux,0.6029896940921766,0.0760932743438355,0.5268964197483411,4380
within_M,2,alpha_ratio,0.27561500913513726,0.0758787150092403,0.19973629412589694,4380
within_M,2,LHR,0.35932655742890773,0.07630344506791252,0.2830231123609952,4380
within_M,2,SPI,0.3266825570178966,0.07624310273018409,0.2504394542877125,4380
within_M,2,GNE,0.36857108428754515,0.07636772867741831,0.29220335561012684,4380
within_M,2,SSPF,0.3568794008952221,0.08524139018302428,0.2716380107121978,4125
within_M,2,CPP,0.41518345766703924,0.07610122658859998,0.33908223107843927,4380
within_M,2,dCPP,0.21527885929043222,0.07632915976972815,0.13894969952070407,4380
within_M,2,RMS,0.6234308461849878,0.07592576192504148,0.5475050842599463,4380
within_M,2,AMD,0.1750647863645014,0.0762688524300754,0.098795933934426,4380
within_M,2,speech_rate,0.262028817379786,0.07636779960647251,0.1856610177733135,4380
within_M,2,VOT,0.12536854952967325,0.08234957753509327,0.04301897199457998,4204
within_M,2,BGD,0.09027752331822114,0.07575275256140818,0.014524770756812966,4380
within_M,3,F0,1.0711125515682518,0.15796186402390552,0.9131506875443463,4380
within_M,3,jitter,0.46073947416925876,0.15837624676938547,0.3023632273998733,4380
within_M,3,shimmer,0.37486900827793157,0.15855202472671595,0.21631698355121562,4380
within_M,3,GCT,0.6887271196360878,0.15797596518296372,0.530751154453124,4380
within_M,3,CQ,0.7271664692986608,0.15834940675370937,0.5688170625449515,4380
within_M,3,MFDR,0.9593985793870594,0.15725602992680154,0.8021425494602579,4380
within_M,3,SQ,0.29875735657541114,0.15887197364913305,0.13988538292627808,4380
within_M,3,NAQ,0.36879350654174914,0.15794281226047258,0.21085069428127656,4380
within_M,3,SHR,1.009936159246358,0.15774967578710508,0.852186483459253,4380
within_M,3,IHI,0.7939394240670534,0.15728651576371647,0.636652908303337,4380
within_M,3,VFI,0.677168771490571,0.23963870050349687,0.4375300709870741,4380
within_M,3,semitone_SD_F0,0.613897748694157,0.15872950380505427,0.4551682448891028,4380
within_M,3,F1,0.30301621991029926,0.1585203053383723,0.14449591457192695,4380
within_M,3,F2,0.26360342395042835,0.15835672570787218,0.10524669824255617,4380
within_M,3,F3,0.5686077375519574,0.15735857520077023,0.41124916235118714,4380
within_M,3,F4,0.8374582981213177,0.15801457185423082,0.6794437262670868,4380
within_M,3,F5,0.6441611147899824,0.15787425609515082,0.48628685869483157,4380
within_M,3,B1,0.5964372434490155,0.1577368336823904,0.4387004097666251,4380
within_M,3,B2,0.6067956238483525,0.15738528862684956,0.449410335221503,4380
within_M,3,B3,0.48647805235938435,0.1585210492724277,0.32795700308695663,4380
within_M,3,B4,0.5556711908769252,0.1566911315343928,0.3989800593425324,4380
within_M,3,B5,0.547480260097096,0.1581128234964283,0.38936743660066775,4380
within_M,3,Nasality,0.3489285635084052,0.1658482416972851,0.18308032181112008,4290
within_M,3,spectral_skewness,0.4852835349655571,0.15845924926296875,0.32682428570258837,4375
within_M,3,spectral_kurtosis,0.44458859498913306,0.15798905378238678,0.28659954120674624,4380
within_M,3,spectral_entropy,0.4116436228240321,0.15760638996532292,0.25403723285870916,4380
within_M,3,spectral_rolloff,0.3314788338016079,0.15806393360572962,0.1734149001958783,4380
within_M,3,spectral_flux,0.8439571695471022,0.1582793732398364,0.6856777963072658,4380
within_M,3,alpha_ratio,0.42660719226739197,0.15795971758021873,0.2686474746871732,4380
within_M,3,LHR,0.5112855749376202,0.1584859037047567,0.3527996712328635,4380
within_M,3,SPI,0.47246881235201954,0.15824646240641405,0.3142223499456055,4380
within_M,3,GNE,0.5610688306611511,0.15827775803944075,0.4027910726217103,4380
within_M,3,SSPF,0.5331688182360299,0.17376620118219782,0.3594026170538321,4125
within_M,3,CPP,0.6104979459458395,0.15777697586542838,0.4527209700804111,4380
within_M,3,dCPP,0.3243952081055532,0.15826912938056392,0.1661260787249893,4380
within_M,3,RMS,0.912688538576222,0.1576102685945183,0.7550782699817037,4380
within_M,3,AMD,0.2801974909356417,0.1585875600914595,0.12160993084418223,4380
within_M,3,speech_rate,0.4034835295552135,0.15826240565208255,0.24522112390313094,4380
within_M,3,VOT,0.21516108553437974,0.16819440017698206,0.046966685357397675,4204
within_M,3,BGD,0.1914316640091993,0.15845914331635128,0.032972520692848034,4380
within_M,5,F0,1.4197278426127493,0.3369927735759263,1.082735069036823,4380
within_M,5,jitter,0.6533068727752696,0.3379175431025216,0.31538932967274796,4380
within_M,5,shimmer,0.5530941970947403,0.33752413145686916,0.21557006563787112,4380
within_M,5,GCT,0.9220086731619528,0.337337853674363,0.5846708194875898,4380
within_M,5,CQ,0.9790836165679684,0.3357222752429807,0.6433613413249877,4380
within_M,5,MFDR,1.2704530704538257,0.33605197543078846,0.9344010950230373,4380
within_M,5,SQ,0.4906101171595285,0.3376333447234641,0.1529767724360644,4380
within_M,5,NAQ,0.5683450275730735,0.33702490574121696,0.23132012183185652,4380
within_M,5,SHR,1.350673659650889,0.33665035778652397,1.014023301864365,4380
within_M,5,IHI,1.0516806925090094,0.33579976306421777,0.7158809294447916,4380
within_M,5,VFI,0.8811107119944213,0.42026892342980693,0.46084178856461433,4380
within_M,5,semitone_SD_F0,0.8400469520892617,0.33794164593886067,0.502105306150401,4380
within_M,5,F1,0.4785537542866791,0.3365197068911669,0.14203404739551223,4380
within_M,5,F2,0.44049775095679067,0.3359486633342821,0.10454908762250859,4380
within_M,5,F3,0.7973541357509664,0.336025516307601,0.46132861944336534,4380
within_M,5,F4,1.1173312838061875,0.33670611278933754,0.7806251710168499,4380
within_M,5,F5,0.8875741601707645,0.33698642220661396,0.5505877379641506,4380
within_M,5,B1,0.8152405989558273,0.336273004002926,0.47896759495290137,4380
within_M,5,B2,0.8312797753971504,0.33695467093924236,0.494325104457908,4380
within_M,5,B3,0.6690193711543095,0.33794010859596696,0.3310792625583426,4380
within_M,5,B4,0.7737277023317457,0.33652591142597726,0.43720179090576844,4380
within_M,5,B5,0.7570061861224673,0.3371270960551939,0.41987909006727336,4380
within_M,5,Nasality,0.5550523657336015,0.34820433995959005,0.20684802577401146,4290
within_M,5,spectral_skewness,0.6915397431367225,0.3367493445608298,0.35479039857589273,4375
within_M,5,spectral_kurtosis,0.6469479841547887,0.33686612410885275,0.31008186004593596,4380
within_M,5,spectral_entropy,0.6144640758888489,0.3365746819511912,0.27788939393765766,4380
within_M,5,spectral_rolloff,0.5255476396185372,0.3371605339342206,0.18838710568431666,4380
within_M,5,spectral_flux,1.13559479349661,0.3374909508520048,0.7981038426446052,4380
within_M,5,alpha_ratio,0.6315488305501216,0.33698619563925347,0.2945626349108681,4380
within_M,5,LHR,0.7326386632992765,0.3369365305924637,0.3957021327068128,4380
within_M,5,SPI,0.6940726634157652,0.33809839991200563,0.3559742635037596,4380
within_M,5,GNE,0.7932324349176367,0.33751103639027613,0.4557213985273606,4380
within_M,5,SSPF,0.7422984204060317,0.36489757072762147,0.3774008496784102,4125
within_M,5,CPP,0.834102714102678,0.3371507670344108,0.4969519470682672,4380
within_M,5,dCPP,0.5190906510010471,0.3377619460746355,0.18132870492641162,4380
within_M,5,RMS,1.2094914441594327,0.33629459140657425,0.8731968527528584,4380
within_M,5,AMD,0.45399932708131985,0.3382424967128268,0.11575683036849305,4380
within_M,5,speech_rate,0.5862295758247704,0.33716472873359893,0.2490648470911715,4380
within_M,5,VOT,0.40983376571560015,0.35603352647570025,0.053800239239899905,4204
within_M,5,BGD,0.3502299673449052,0.3372163473353221,0.013013620009583116,4380
within_M,10,F0,1.8116320610077423,0.7678130001189715,1.043819060888771,4380
within_M,10,jitter,1.0348481539394268,0.7689014652243474,0.2659466887150793,4380
within_M,10,shimmer,0.9583062970877236,0.7682755317613005,0.19003076532642316,4380
within_M,10,GCT,1.2771953164264644,0.7682260513073861,0.5089692651190784,4380
within_M,10,CQ,1.3234875992970005,0.7678700965482745,0.555617502748726,4380
within_M,10,MFDR,1.6233421443556502,0.7672823051952935,0.8560598391603567,4380
within_M,10,SQ,0.9079563862922457,0.7692895727932307,0.138666813499015,4380
within_M,10,NAQ,0.974321337170724,0.7670104520078084,0.20731088516291563,4380
within_M,10,SHR,1.7242256470882769,0.7665629033097108,0.9576627437785661,4380
within_M,10,IHI,1.411961746025014,0.7658682847889977,0.6460934612360163,4380
within_M,10,VFI,1.251719770750615,0.8432803363553006,0.40843943439531427,4380
within_M,10,semitone_SD_F0,1.224776929200214,0.7679725979889815,0.45680433121123243,4380
within_M,10,F1,0.8808757546308916,0.7681805172949684,0.11269523733592324,4380
within_M,10,F2,0.8647053918829428,0.7671335685409377,0.09757182334200509,4380
within_M,10,F3,1.1759527902724525,0.7674979306710935,0.40845485960135897,4380
within_M,10,F4,1.4961685752584657,0.7682316666209513,0.7279369086375144,4380
within_M,10,F5,1.271231795771417,0.769629717186207,0.50160207858521,4380
within_M,10,B1,1.1775927677493367,0.7685219913787528,0.409070776370584,4380
within_M,10,B2,1.1947102987108664,0.767390637035706,0.42731966167516044,4380
within_M,10,B3,1.028164286364163,0.7684076390400424,0.2597566473241205,4380
within_M,10,B4,1.1459715894669822,0.7674422164502613,0.37852937301672085,4380
within_M,10,B5,1.138359959704717,0.7688210092940747,0.3695389504106422,4380
within_M,10,Nasality,0.9519100002983176,0.7865716448787552,0.16533835541956243,4290
within_M,10,spectral_skewness,1.06876095377687,0.768548663723735,0.3002122900531351,4375
within_M,10,spectral_kurtosis,1.0394810492100728,0.7681713162836701,0.2713097329264027,4380
within_M,10,spectral_entropy,1.000788289069301,0.7687209422793676,0.23206734678993335,4380
within_M,10,spectral_rolloff,0.936070448854629,0.7675811959292944,0.16848925292533456,4380
within_M,10,spectral_flux,1.4914457039280649,0.7676062632095725,0.7238394407184924,4380
within_M,10,alpha_ratio,1.0149818669591166,0.7689679603325246,0.24601390662659206,4380
within_M,10,LHR,1.110323423830585,0.7670830280164593,0.3432403958141257,4380
within_M,10,SPI,1.0898432180643418,0.7685027841855856,0.3213404338787562,4380
within_M,10,GNE,1.176950999134509,0.7680698420786628,0.40888115705584627,4380
within_M,10,SSPF,1.1470578326312202,0.8163960570599216,0.3306617755712986,4125
within_M,10,CPP,1.1846596550717532,0.76909483290523,0.41556482216652324,4380
within_M,10,dCPP,0.9129303860066695,0.7688612839810091,0.14406910202566048,4380
within_M,10,RMS,1.578264580259276,0.767673457577865,0.8105911226814111,4380
within_M,10,AMD,0.8716618476645106,0.7681765032537762,0.10348534441073443,4380
within_M,10,speech_rate,0.9635636910913652,0.768291535290544,0.19527215580082125,4380
within_M,10,VOT,0.8385981243508303,0.8003178036484883,0.038280320702342,4204
within_M,10,BGD,0.7714851509678571,0.7674571749610931,0.004027976006763967,4380
